row,offer_id,code,url,status,live_sku,live_title,live_price,source_dimensions_text,source_weight_text
2,RTT-90468-18008,049-0003829,https://moreman.ru/product/zashchelka-sku-119006/,sku_mismatch_skip_price_dims,10251087,Защелка,,,
3,RTT-90389-22M01,049-0003800,https://moreman.ru/product/vtulka_-sku-120759/,sku_mismatch_skip_price_dims,10236009,Втулка,,,
4,RTT-90389-25M00,049-0003801,https://moreman.ru/product/vtulka_-sku-120759/,sku_mismatch_skip_price_dims,10236009,Втулка,,,
5,SP-400EP,10259341,https://moreman.ru/product/elektricheskiy_nasos_dlya_perekachki_topliva_10_l_min-sku-117711/,updated,10259341,,2014.0,,
6,008-04755,10240161,https://moreman.ru/product/utka_plastikovaya_205_mm-sku-118530/,updated,10240161,,289.0,Длина: 205,
7,1060803,10246739,https://moreman.ru/product/bagor_quot_moreman_quot_180_sm-sku-111921/,updated,10246739,,1027.0,,
8,1060804,10247459,https://moreman.ru/product/bagor_quot_moreman_quot_210_sm-sku-111700/,updated,10247459,,1138.0,,
9,1041,10238038,https://moreman.ru/product/buy_solid_head_35kh48_sm_belyy-sku-116447/,updated,10238038,,4736.0,Длина: 48,
10,7750,10245118,https://moreman.ru/product/derzhatel_udilishcha_s_krepleniem_na_ploskost_quot_moreman_quot-sku-111511/,updated,10245118,,4159.0,"Длина: 31 см Производитель: Китай ПРОИЗВОДИТЕЛЬ ""Мореман"" ТИП МОНТАЖА На плоскость МАТЕРИАЛ Нержавеющая сталь ТИП Держатель удилища Доставка Способы доставки Для Москвы и МО Наши магазины в Москве и МО: Вы можете забрать товар в одном из наших магазинов в Москве и МО",
11,511,10248038,https://moreman.ru/product/klemmy_akkumulyatornye_quot_moreman_quot_kitay-sku-118535/,updated,10248038,,816.0,,
12,3364,10247450,https://moreman.ru/product/kronshteyn_krepleniya_trapa_quot_moreman_quot-sku-112089/,updated,10247450,,852.0,,
13,2233,10245094,https://moreman.ru/product/osnovanie_dlya_stoyki_stoleshnitsy_quot_moreman_quot_vreznoe-sku-111109/,updated,10245094,,3045.0,,
14,2232,10245093,https://moreman.ru/product/osnovanie_dlya_stoyki_stoleshnitsy_quot_moreman_quot_nakladnoe-sku-111302/,updated,10245093,,1942.0,,
15,50110,10248019,https://vodnik.ru/zveno-cepi-soedinitelnoe-10-mm-ocinkovannoe-00089962.html,updated,10248019,,426.0,,90 г
16,4508-1,10250600,https://moreman.ru/product/avtomaticheskaya_tryumnaya_pompa_sahara_750_24_v-sku-115363/,updated,10250600,,12439.0,,
17,SE2011,10252286,https://vodnik.ru/bak-toplivnyy-perenosnoy-bez-ukazatelya-urovnya-v-komplekte-s-perehodnikom-elochka-24-l-00087694.html,updated,SE2011,,6220.0,Размер: 46х34х23 см,2100 г
18,SE2012,10252287,https://vodnik.ru/bak-toplivnyy-perenosnoy-bez-ukazatelya-urovnya-v-komplekte-s-perehodnikom-elochka-29-l-00087696.html,updated,SE2012,,6842.0,"Размер: 51х36,5х23 см",2500 г
19,6842,10241852,https://moreman.ru/product/lyuk_plastikovyy_280kh375_mm-sku-118083/,updated,10241852,,6464.0,Длина: 280,
20,6855,10241858,https://moreman.ru/product/lyuk_plastikovyy_360kh600-sku-114284/,updated,10241858,,12828.0,Длина: 360,
21,6845,10241854,https://moreman.ru/product/lyuk_plastikovyy_380kh380_mm-sku-123724/,updated,10241854,,7797.0,Длина: 380,
22,6853,10241857,https://moreman.ru/product/lyuk_plastikovyy_460kh510_s_zamkom-sku-114958/,updated,10241857,,17908.0,Длина: 460,
23,6383,10251102,https://moreman.ru/product/nakladka_trantsevaya_klinovidnaya-sku-122643/,updated,10251102,,4281.0,,
24,6421,10005035,https://moreman.ru/product/ruchka_plastikovaya_svetlo_seraya-sku-113777/,updated,10005035,,2640.0,Длина: 247,
25,6422,10005036,https://moreman.ru/product/ruchka_plastikovaya_temno_seraya-sku-113683/,updated,10005036,,2465.0,Длина: 247,
26,6420,10005034,https://moreman.ru/product/ruchka_plastikovaya_kremovaya-sku-122322/,updated,10005034,,1448.0,Длина: 247,
27,TP2101,10256178,https://moreman.ru/product/kryshka_toplivnogo_baka-sku-116031/,updated,10256178,,1655.0,,
28,6496,10251091,https://vodnik.ru/korob-dlya-leyki-dusha-00182583.html,updated,6496,,3684.0,Размер: 129x134x115 мм,90 г
29,6628,10005049,https://moreman.ru/product/statsionarnyy_bak_dlya_vody_titano_45_litrov-sku-123096/,updated,10005049,,17498.0,Длина: 50 см,
30,6676,10242123,https://moreman.ru/product/kryshka_dlya_bakov_quot_ceredi_quot-sku-122449/,updated,10242123,,1153.0,"Высота: 27мм Производитель : «Ceredi», Италия",
31,6462,10005040,https://moreman.ru/product/leyka_dusha_s_klapanom-sku-122714/,updated,10005040,,2517.0,,
32,6523/6517,10005042,https://moreman.ru/product/leyka_dusha_s_klapanom-sku-118480/,updated,10005042,,1299.0,,
33,6262,10251101,https://vodnik.ru/patrubok-dlya-leyki-dusha-00101300.html,updated,10251101,,506.0,Длина: 80 мм мм,90 г
34,6023,10241861,https://moreman.ru/product/probka_shpigata-sku-114285/,updated,10241861,,97.0,,
35,6018_25,10256219,https://moreman.ru/product/probka_shpigata_universalnaya_25_mm-sku-110717/,updated,10256219,,917.0,,
36,6018_42,10256221,https://moreman.ru/product/probka_shpigata_universalnaya_42_mm-sku-110581/,updated,10256221,,1255.0,,
37,6460,10005037,https://vodnik.ru/korob-dlya-leyki-dusha-00182584.html,updated,6460,,,,90 г
38,6639,10005060,https://moreman.ru/product/shtutser_pryamoy_dlya_statsionarnykh_bakov_ceredi-sku-120216/,updated,10005060,,2101.0,,
39,CA37700P/031125,10015148,https://moreman.ru/product/soedinitelnoe_zveno_sa37700p-sku-115539/,updated,10015148,,2298.0,,
40,C12201W,10261815,https://vodnik.ru/yaschik-dlya-melochey-vreznoy-s-zamkom-i-skladnym-podstakannikom-belyy-00013341.html,updated,C12201W,,4011.0,Размер: 340х135х190 мм,1060 г
41,C12201,10261814,https://vodnik.ru/yaschik-dlya-melochey-vreznoy-s-zamkom-i-skladnym-podstakannikom-chernyy-00161295.html,updated,C12201,,,Размер: 340х135х190 мм,90 г
42,C50101,10261733,https://vodnik.ru/veslo-alyuminievoe-razbornoe-180-sm-11409533.html,updated,C50101,,2412.0,Длина: 180 см,Разборное
43,C11474C,10261739,https://vodnik.ru/signal-zvukovoy-belyy-00117141.html,updated,C11474C,,2585.0,,90 г
44,C91019,10261762,https://vodnik.ru/nakladka-dekorativnaya-dlya-kayutnogo-svetilnika-c91007-00120427.html,updated,C91019,,173.0,,90 г
45,C12743B,10261806,https://vodnik.ru/kronshteyn-dlya-pyati-udilisch-00196563.html,updated,C12743B,,1169.0,,90 г
46,CS0003-10261841,10261841,https://vodnik.ru/kronshteyn-palubnyy-90-grad-vint-barashek-rovnoe-osnovanie-plastikovyy-chernyy-00082977.html,sku_mismatch_skip_price_dims,CS0003,"Кронштейн палубный 75 град, винт-барашек, ровное основание, пластиковый черный",,,
47,C91107w,10261759,https://vodnik.ru/svetilnik-kayutnyy-svetodiodnyy-belyy-beloe-svechenie-00139045.html,updated,C91107W,,933.0,"Размер: 73х36,5х10 мм",90 г
48,B-166,10005153,https://moreman.ru/product/shtift_chast_d_sm_eskiz-sku-119885/,updated,10005153,,9.0,,
49,416.C,10262341,https://moreman.ru/product/rynda_180_mm_khromirovannaya_latun-sku-118757/,updated,10262341,,11450.0,,
50,05140.05000,10262497,https://moreman.ru/product/knopka_tsangovaya_tipa_quot_tenax_quot_nikelirovannaya_latun_tkan_do_3_mm-sku-115681/,updated,10262497,,335.0,,
51,41,10253280,https://moreman.ru/product/vozdushnyy_klapan_zapasnoy-sku-109843/,updated,10253280,,185.0,,
52,1261,10014766,https://moreman.ru/product/kranets_uglovoy-sku-109485/,updated,10014766,,3065.0,Длина: 25,
53,1305,10246590,https://moreman.ru/product/prichalnyy_kranets_2-sku-111940/,updated,10246590,,11259.0,Длина: 110,
54,1,10262926,https://moreman.ru/product/yakornaya_namotka_6mm_20m_-sku-117772/,updated,10262926,,623.0,,
55,10267525,10267525,https://moreman.ru/product/perchatki_s_korotkimi_paltsami_krasnyy_belyy_chernyy_razmer_2xl-sku-122631/,updated,10267525,,1686.0,,
56,75135G,10251903,https://vodnik.ru/podstakannik-plastmassovyy-349x159x76-mm-seryy-11208030.html,updated,75135G,,1287.0,Размер: 349x159x76 мм,90 г
57,75104B,10251888,https://vodnik.ru/sidene-myagkoe-pro-casting-obivka-siniy-vinil-00161245.html,updated,75104B,,2604.0,Габариты: 380х280х130 мм,"1,5 кг"
58,14.212.02,10262906,https://moreman.ru/product/vyklyuchatel_bez_klavishi_12_24_v_vkl_vykl_vozvratn_pruzhina-sku-122047/,updated,10262906,,811.0,,
59,14.212.04,10262907,https://moreman.ru/product/vyklyuchatel_bez_klavishi_12_24_v_vkl_vykl_vkl-sku-120457/,updated,10262907,,811.0,,
60,14.213.23,10262892,https://moreman.ru/product/klavisha_quot_gorn_quot-sku-119312/,updated,10262892,,488.0,,
61,14.213.31,10262900,https://moreman.ru/product/klavisha_quot_podsvetka_pribornoy_paneli_quot-sku-122025/,updated,10262900,,488.0,,
62,14.213.38,10262904,https://moreman.ru/product/klavisha_quot_prozhektor_quot-sku-123731/,updated,10262904,,488.0,,
63,14.213.26,10262895,https://moreman.ru/product/klavisha_quot_stekloochistitel_quot-sku-122746/,updated,10262895,,488.0,,
64,14.213.22,10262891,https://moreman.ru/product/klavisha_quot_stoyanochnye_ogni_quot-sku-114737/,updated,10262891,,488.0,,
65,14.213.27,10262896,https://moreman.ru/product/klavisha_quot_tryumnaya_pompa_quot-sku-117477/,updated,10262896,,488.0,,
66,14.213.34,10262902,https://moreman.ru/product/klavisha_quot_upravlenie_yakornoy_lebedkoy_quot-sku-115220/,updated,10262902,,488.0,,
67,14.213.21,10262890,https://moreman.ru/product/klavisha_quot_khodovye_ogni_quot-sku-118265/,updated,10262890,,488.0,,
68,14.196.02-прекращен,10014738,https://moreman.ru/product/klavishnyy_vyklyuchatel_marina_2_dvukhpozitsionnyy_2_kontakta_vozvratnaya_pruzhina-sku-109651/,updated,10014738,,889.0,,
69,14.196.01-прекращен,10014737,https://moreman.ru/product/klavishnyy_vyklyuchatel_marina_2_dvukhpozitsionnyy_2_kontakta-sku-110639/,updated,10014737,,773.0,,
70,14.196.04-прекращен,10014740,https://moreman.ru/product/klavishnyy_vyklyuchatel_marina_2_trekhpozitsionnyy_4_kontakta-sku-110667/,updated,10014740,,1008.0,,
71,18.532.10,10260618,https://moreman.ru/product/nabor_universalnykh_probok-sku-124142/,updated,10260618,,1061.0,,
72,14.197.21,10014741,https://moreman.ru/product/korob_dlya_ustanovki_vyklyuchateley_marina_2_promezhutochnyy-sku-110206/,updated,10014741,,118.0,,
73,14.197.31,10014742,https://moreman.ru/product/korob_dlya_ustanovki_vyklyuchateley_marina_2_tortsevoy-sku-109835/,updated,10014742,,118.0,,
74,21.482.00,10014614,https://moreman.ru/product/botsmanskaya_dudka-sku-110723/,updated,10014614,,1233.0,Длина: 14 см,
75,35.841.30,10267353,https://moreman.ru/product/brelok_iz_probk_dereva_ovalnyy-sku-135606/,updated,10267353,,569.0,Длина: 105мм,
76,35.824.07,10017331,https://moreman.ru/product/brelok_plavayushchiy_honda_-sku-111498/,updated,10017331,,641.0,,
77,35.823.04,10017321,https://moreman.ru/product/brelok_plavayushchiy_kater_zheltyy-sku-111237/,updated,10017321,,578.0,,
78,35.823.05,10017322,https://moreman.ru/product/brelok_plavayushchiy_kater_zelenyy-sku-123222/,updated,10017322,,578.0,,
79,35.823.03,10017320,https://moreman.ru/product/brelok_plavayushchiy_kater_krasnyy-sku-109544/,updated,10017320,,578.0,,
80,35.823.06,10017323,https://moreman.ru/product/brelok_plavayushchiy_kater_rozovyy-sku-110269/,updated,10017323,,326.0,,
81,35.822.04,10017314,https://moreman.ru/product/brelok_plavayushchiy_yakhta_zheltyy-sku-110356/,updated,10017314,,277.0,,
82,35.822.05,10017315,https://moreman.ru/product/brelok_plavayushchiy_yakhta_zelenyy-sku-110890/,updated,10017315,,277.0,,
83,17.709.00,10014749,https://moreman.ru/product/vodozabornik_dlya_tryumnoy_pompy-sku-110245/,updated,10014749,,1699.0,,
84,14.517.21,10260611,https://moreman.ru/product/gnezdo_prikurivatelya_s_voltmetrom-sku-121900/,updated,10260611,,1998.0,,
85,33.112.20,10238049,https://moreman.ru/product/derzhatel_dlya_dvukh_krantsev_210_mm-sku-110246/,updated,10238049,,2444.0,,
86,33.112.50,10238046,https://moreman.ru/product/derzhatel_dlya_odnogo_krantsa_210_mm-sku-111500/,updated,10238046,,1840.0,,
87,14.327.00,10240272,https://vodnik.ru/kozhuh-zaschitnyy-dlya-vilki-beregovogo-pitaniya-10236832-00166724.html,updated,10240272,,2416.0,,90 г
88,14.441.02/14.441.12,10256077,https://moreman.ru/product/lampa_svetodiodnaya_g4_12v_2_4_vt-sku-118952/,updated,10256077,,947.0,,
89,01.331.02/01.333.02,10256059,https://moreman.ru/product/rouls_400kh70_mm_s_koromyslom-sku-122589/,updated,10256059,,22556.0,,
90,E3-LC004W,10257149,https://moreman.ru/product/svetilnik_svetodiodnyy-sku-116059/,updated,10257149,,2229.0,Высота: 25 мм,
91,13.181.00,10014595,https://moreman.ru/product/svetilnik_svetodiodnyy-sku-110272/,updated,10014595,,676.0,,
92,21.484.00,10256078,https://moreman.ru/product/svistok_tumannyy-sku-117560/,updated,10256078,,2077.0,,
93,20.204.00,10014611,https://moreman.ru/product/smotrovoy_lyuchok_belyy_plastik_102_mm-sku-110313/,updated,10014611,,513.0,,
94,20.206.00,10014613,https://moreman.ru/product/smotrovoy_lyuchok_belyy_plastik_125_mm-sku-111852/,updated,10014613,,572.0,,
95,JW-82A10,10257146,https://moreman.ru/product/adapter_dlya_yamaha_nissan_tohatsu_i_honda_50_l_s-sku-118559/,updated,10257146,,277.0,,
96,FLB34012S000A00,10243919,https://moreman.ru/product/boyler_v3_40_l_1200_vt_s_teploobmennikom-sku-109526/,updated,10243919,,69990.0,,"11,7"
97,FP8000000000A00,10236189,https://moreman.ru/product/vyklyuchatel_s_panelyu_trekhpozitsionnyy-sku-124024/,updated,10236189,,1833.0,,
98,FVEFPTFH6000B00,10258431,https://moreman.ru/product/derzhatel_predokhranitelya_600_a-sku-115027/,updated,10258431,,9025.0,,
99,FVEFF175CNLDA00,10267097,https://moreman.ru/product/predokhranitel_plavkiy_175_a-sku-122506/,updated,10267097,,1190.0,,
100,FVEFF275CNLDA00,10265676,https://moreman.ru/product/predokhranitel_plavkiy_275_a-sku-110845/,updated,10265676,,1190.0,,
101,FVEFF350CNLDA00,10259013,https://moreman.ru/product/predokhranitel_plavkiy_350_a-sku-116252/,updated,10259013,,1161.0,,
102,FVEFF500CNLDA00,10247340,https://moreman.ru/product/predokhranitel_plavkiy_500_a-sku-111561/,updated,10247340,,1228.0,,
103,FC8113000000A00,10236257,https://vodnik.ru/vyvod-kabelnyy-7-12mm-quick-10-shtuk-00182180.html,updated,FC8113000000A00,,13001.0,Размер: 48х39 мм,90 г
104,FPWCS8200000A00,10267539,https://vodnik.ru/panel-upravleniya-yakornoy-lebedkoy-wcs820-quick-00188682.html,updated,FPWCS8200000A00,,2971.0,,90 г
105,10267523,10267523,https://moreman.ru/product/perchatki_s_korotkimi_paltsami_krasnyy_belyy_chernyy_razmer_l-sku-121952/,updated,10267523,,1686.0,Размер: L,
106,SC-6130004\SC-6130005,10005952,https://moreman.ru/product/nasos_elektricheskiy_mb50_12-sku-111495/,updated,10005952,,1566.0,,
107,SFIB1-235-04,10269267,https://moreman.ru/product/ventilyator_6_6_kub_m_min_12_v-sku-128279/,updated,10269267,,2406.0,,
108,SFBP2-G750-06,10264267,https://moreman.ru/product/avtomaticheskaya_tryumnaya_pompa_seaflo_24_v_48_l_min-sku-116863/,updated,10264267,,2392.0,,
109,SFBP2-G1100-06,10264269,https://moreman.ru/product/avtomaticheskaya_tryumnaya_pompa_seaflo_24_v_70_l_min-sku-123274/,updated,10264269,,3299.0,,
110,SFVL-01,10268846,https://moreman.ru/product/antisifonnoe_koleno_19_mm-sku-127037/,updated,10268846,,1436.0,,
111,SFVL-02,10268847,https://moreman.ru/product/antisifonnoe_koleno_25_mm-sku-127463/,updated,10268847,,2080.0,,
112,18-3000,10259241,https://moreman.ru/product/impeller_18_3000-sku-122814/,updated,10259241,,1138.0,,
113,18-3008,10259257,https://moreman.ru/product/impeller_18_3008-sku-113093/,updated,10259257,,2039.0,,
114,18-3039,10259254,https://moreman.ru/product/impeller_18_3039-sku-118222/,updated,10259254,,1489.0,,
115,18-3046,10259383,https://moreman.ru/product/impeller_18_3046-sku-122677/,updated,10259383,,2586.0,,
116,18-3049,10259246,https://moreman.ru/product/impeller_18_3049-sku-111985/,updated,10259246,,3271.0,,
117,18-3050,10259236,https://moreman.ru/product/impeller_18_3050-sku-116185/,updated,10259236,,2042.0,,
118,18-3057,10259258,https://moreman.ru/product/impeller_18_3057-sku-113579/,updated,10259258,,1385.0,,
119,18-3060,10259382,https://moreman.ru/product/impeller_18_3060-sku-122941/,updated,10259382,,3329.0,,
120,18-3062,10259256,https://moreman.ru/product/impeller_18_3062-sku-113251/,updated,10259256,,2131.0,,
121,18-3065,10259224,https://moreman.ru/product/impeller_18_3065-sku-123056/,updated,10259224,,1725.0,,
122,18-3066,10259221,https://moreman.ru/product/impeller_18_3066-sku-112099/,updated,10259221,,1748.0,,
123,18-3069,10259225,https://moreman.ru/product/impeller_18_3069-sku-112931/,updated,10259225,,2400.0,,
124,18-3070,10259226,https://moreman.ru/product/impeller_18_3070-sku-112511/,updated,10259226,,2126.0,,
125,18-3071,10259227,https://moreman.ru/product/impeller_18_3071-sku-113212/,updated,10259227,,3859.0,,
126,18-3072,10259219,https://moreman.ru/product/impeller_18_3072-sku-122903/,updated,10259219,,1001.0,,
127,18-3073,10259220,https://moreman.ru/product/impeller_18_3073-sku-113318/,updated,10259220,,1095.0,,
128,18-3079,10259391,https://moreman.ru/product/impeller_18_3079-sku-119355/,updated,10259391,,3642.0,,
129,18-3095,10259245,https://moreman.ru/product/impeller_18_3095-sku-122252/,updated,10259245,,1551.0,,
130,18-3096,10259243,https://moreman.ru/product/impeller_18_3096-sku-116980/,updated,10259243,,1628.0,,
131,18-3097,10259240,https://moreman.ru/product/impeller_18_3097-sku-116276/,updated,10259240,,1252.0,,
132,18-3277,10259380,https://moreman.ru/product/impeller_18_3277-sku-114597/,updated,10259380,,4783.0,,
133,18-45312,10259253,https://moreman.ru/product/impeller_18_45312-sku-116981/,updated,10259253,,865.0,,
134,18-8900,10259260,https://moreman.ru/product/impeller_18_8900-sku-112100/,updated,10259260,,3593.0,,
135,18-8921,10259215,https://moreman.ru/product/impeller_18_8921-sku-116130/,updated,10259215,,2795.0,,
136,18-8922,10259217,https://moreman.ru/product/impeller_18_8922-sku-113080/,updated,10259217,,2135.0,,
137,18-8923,10259216,https://moreman.ru/product/impeller_18_8923-sku-112124/,updated,10259216,,2180.0,,
138,18-8924,10259218,https://moreman.ru/product/impeller_18_8924-sku-112070/,updated,10259218,,3687.0,,
139,18-7879-1\9-57803,10257800,https://moreman.ru/product/maslyanyy_filtr_18_7879_1-sku-112408/,updated,10257800,,1027.0,,
140,18-7905-1,10257827,https://moreman.ru/product/maslyanyy_filtr_18_7905_1_9_57819-sku-116460/,updated,10257827,,1960.0,,
141,18-7909,10259312,https://moreman.ru/product/maslyanyy_filtr_18_7909-sku-119253/,updated,10259312,,1294.0,,
142,18-8003-1,10257828,https://moreman.ru/product/maslyanyy_filtr_18_8003_1_9_57820-sku-117295/,updated,10257828,,1439.0,,
143,18-1179,10265738,https://moreman.ru/product/podshipnik_rolikovyy_verkhnego_reduktora_dlya_mercruiser_alpha_1-sku-111986/,updated,10265738,,1757.0,,
144,18-15500,10264397,https://moreman.ru/product/remen_klinovoy_1270_mm-sku-116149/,updated,10264397,,1988.0,,
145,18-7712,10257785,https://moreman.ru/product/toplivnyy_filtr_pryamotochnyy_18_7712-sku-120567/,updated,10257785,,2383.0,,
146,18-7713,10257786,https://moreman.ru/product/toplivnyy_filtr_pryamotochnyy_18_7713-sku-113111/,updated,10257786,,1084.0,,
147,18-7714,10257787,https://moreman.ru/product/toplivnyy_filtr_pryamotochnyy_18_7714-sku-118929/,updated,10257787,,2185.0,,
148,18-7829,10257794,https://moreman.ru/product/toplivnyy_filtr_18_7829-sku-112241/,updated,10257794,,532.0,,
149,18-7830,10257796,https://moreman.ru/product/toplivnyy_filtr_18_7830-sku-112542/,updated,10257796,,792.0,,
150,18-7831,10257797,https://moreman.ru/product/toplivnyy_filtr_18_7831-sku-116459/,updated,10257797,,689.0,,
151,18-79910/9-37965,10257826,https://moreman.ru/product/toplivnyy_filtr_9_37965_18_79910-sku-113275/,updated,10257826,,3686.0,,
152,18-7997,10265752,https://moreman.ru/product/filtr_vozdushnyy-sku-122306/,updated,10265752,,1282.0,,
153,SFCF1-01,10252292,https://moreman.ru/product/palubnaya_gorlovina_belyy_korpus_krasnaya_kryshka-sku-121727/,updated,10252292,,805.0,,
154,SFMP2-120-01,10263473,https://moreman.ru/product/matseratornaya_pompa_45_l_min_24_v-sku-123698/,updated,10263473,,8260.0,,
155,SFDP2-055-060-51 new,10265661,https://moreman.ru/product/avtomaticheskaya_nagnetatelnaya_pompa_seaflo_5_kamernaya_tti_20_l_min_24_v-sku-110883/,updated,10265661,,7457.0,,
156,SFPS100-22,10265665,https://moreman.ru/product/zapasnoy_vyklyuchatel_dlya_pompy_5_l_min_10252436-sku-111966/,updated,10265665,,674.0,,
157,SFBP1-G750-07,10264014,https://moreman.ru/product/stochnyy_bak_dlya_dusha_seaflo_12_v_750_gph-sku-116186/,updated,10264014,,4072.0,,
158,19140,10248004,https://vodnik.ru/zamok-navesnoy-nerzhaveyuschaya-stal-40-mm-00142078.html,updated,19140,,1749.0,,90 г
159,4209,10247435,https://vodnik.ru/blok-shvartovyy-napravlyayuschiy-iz-nerzhaveyuschey-stali-00152452.html,updated,4209,,,Длина: 141 мм,90 г
160,TMC-2761,10014910,https://moreman.ru/product/brelok_laquo_admiralteyskiy_yakor_raquo-sku-119490/,updated,10014910,,717.0,,
161,008-01002,10247848,https://moreman.ru/product/ventilyator_na_solnechnyy_batareyakh_korpus_iz_nerzhaveyushchey_stali-sku-121072/,updated,10247848,,10508.0,,
162,008-0109,10247838,https://moreman.ru/product/ventilyatsionnaya_reshetka_kruglaya_s_kozyrkom_102_mm-sku-119217/,updated,10247838,,1274.0,,
163,008-0109-1,10247839,https://moreman.ru/product/ventilyatsionnaya_reshetka_kruglaya_102_mm-sku-116475/,updated,10247839,,600.0,,
164,008-02641-прекращен,10250526,https://moreman.ru/product/nakladnoy_plafon_osveshcheniya_bronza-sku-119396/,updated,10250526,,2393.0,,
165,008-06261,10006068,https://moreman.ru/product/ruchnoy_nasos_dlya_otkachki_masla-sku-118529/,updated,10006068,,3294.0,,
166,503-6300051,10014894,https://moreman.ru/product/elektricheskaya_pompa_dlya_podachi_vody_quot_moreman_quot_s_kranom_i_tumblerom-sku-113103/,updated,10014894,,3922.0,,
167,A1-01-04,10261414,https://moreman.ru/product/kanistra_oktan_oktan_classic_krasnaya_20_l-sku-119731/,updated,10261414,,2237.0,,
168,A1-01-01,10261412,https://moreman.ru/product/kanistra_oktan_oktan_classic_krasnaya_5_l-sku-119134/,updated,10261412,,687.0,,
169,PG2171,10252303,https://moreman.ru/product/universalnyy_konnektor_32_59_mm-sku-118521/,updated,10252303,,3627.0,,
170,6638,10005059,https://moreman.ru/product/nabor_krepezha_dlya_statsionarnykh_bakov_titano_i_elfo-sku-123442/,updated,10005059,,4689.0,,
171,13.870.72,10005131,https://moreman.ru/product/svetilnik_spot_gyro_1-sku-110162/,updated,10005131,,2611.0,,
172,008-01203A,10005463,https://moreman.ru/product/ventilyatsionnaya_golovka_toplivnogo_baka_uglovaya-sku-112521/,updated,10005463,,1925.0,,
173,589011,10244680,https://moreman.ru/product/predokhranitel_500a-sku-123738/,updated,10244680,,3405.0,,
174,1026,10005494,https://moreman.ru/product/buy_float_21kh28_sm_zheltyy-sku-114890/,updated,10005494,,1835.0,Длина: 28,
175,1025,10005493,https://moreman.ru/product/buy_float_21kh28_sm_oranzhevyy-sku-122786/,updated,10005493,,1835.0,Длина: 28,
176,971,10238044,https://moreman.ru/product/kranets_afrodita-sku-109996/,updated,10238044,,9360.0,Длина: 84,
177,311/711,10005513,https://moreman.ru/product/kranets_korf_1_9kh30_sm_belyy-sku-119295/,updated,10005513,,1283.0,Длина: 30,
178,312/712,10005514,https://moreman.ru/product/kranets_korf_1_9kh30_sm_siniy-sku-110672/,updated,10005514,,1283.0,Длина: 30,
179,321/721,10005515,https://moreman.ru/product/kranets_korf_2_12kh42_sm_belyy-sku-109767/,updated,10005515,,1671.0,Длина: 42,
180,322/722,10005516,https://moreman.ru/product/kranets_korf_2_12kh42_sm_siniy-sku-109674/,updated,10005516,,1671.0,Длина: 42,
181,332/732,10005518,https://moreman.ru/product/kranets_korf_3_15kh60_sm_siniy-sku-110712/,updated,10005518,,2337.0,Длина: 60,
182,341/741,10238040,https://moreman.ru/product/kranets_korf_4_19kh68_sm_belyy-sku-109447/,updated,10238040,,3479.0,Длина: 68,
183,342/742,10005519,https://moreman.ru/product/kranets_korf_4_19kh68_sm_siniy-sku-109884/,updated,10005519,,3479.0,Длина: 68,
184,351/751,10238041,https://moreman.ru/product/kranets_korf_5_22kh72_sm_belyy-sku-109832/,updated,10238041,,4476.0,Длина: 72,
185,352/752,10005520,https://moreman.ru/product/kranets_korf_5_22kh72_sm_siniy-sku-109662/,updated,10005520,,4476.0,Длина: 72,
186,73104,10263449,https://moreman.ru/product/veslo_razbornoe_160_sm-sku-111038/,updated,10263449,,1284.0,Длина: 145-160 см,
187,008-02017B,10017228,https://moreman.ru/product/nakladnoy_plafon_osveshcheniya_v_latunnom_korpuse_3_dyuyma-sku-115307/,updated,10017228,,3238.0,,
188,008-02017,10017227,https://moreman.ru/product/nakladnoy_plafon_osveshcheniya_v_korpuse_iz_nerzhaveyushchey_stali_3_dyuyma-sku-122092/,updated,10017227,,2133.0,,
189,008-030255,10014884,https://moreman.ru/product/panel_vyklyuchateley_3_klavishi_6_predokhraniteley-sku-116659/,updated,10014884,,2905.0,,
190,008-01133,10014925,https://moreman.ru/product/ventilyatsionnaya_golovka_rakushka_132kh117kh53_mm-sku-112014/,updated,10014925,,1988.0,,
191,008-011293,10240162,https://moreman.ru/product/ventilyatsionnaya_reshetka_325x76x27mm-sku-123705/,updated,10240162,,1957.0,,
192,008-05228,10014923,https://moreman.ru/product/derzhatel_kryshki_lyuka_reguliruemyy_25_48_sm-sku-121183/,updated,10014923,,3082.0,"Длина: 25 - 48 см Производитель: «ТМС», Тайвань ПРОИЗВОДИТЕЛЬ TMC МАТЕРИАЛ Нержавеющая сталь ТИП Держатель Доставка Способы доставки Для Москвы и МО Наши магазины в Москве и МО: Вы можете забрать товар в одном из наших магазинов в Москве и МО",
193,008-05228L,10014924,https://moreman.ru/product/derzhatel_kryshki_lyuka_reguliruemyy_30_53_sm-sku-119597/,updated,10014924,,3930.0,"Длина: 30-53 см Производитель: «ТМС», Тайвань ПРОИЗВОДИТЕЛЬ TMC МАТЕРИАЛ Нержавеющая сталь ТИП Держатель Доставка Способы доставки Для Москвы и МО Наши магазины в Москве и МО: Вы можете забрать товар в одном из наших магазинов в Москве и МО",
194,20.287.80,10005464,https://moreman.ru/product/ventilyatsionnaya_golovka_toplivnogo_baka_pryamaya-sku-110398/,updated,10005464,,1990.0,,
195,SFCBS-275-201,10252607,https://moreman.ru/product/vyklyuchatel_massy-sku-124050/,updated,10252607,,1477.0,,
196,10245587,10245587,https://moreman.ru/product/dozator_maslo_benzin_mixmetrix-sku-121546/,updated,10245587,,793.0,,
197,CS0004,10261842,https://moreman.ru/product/zapasnoy_regulirovochnyy_vint-sku-121130/,updated,10261842,,59.0,,
198,B00 Салон 3,10264200,https://moreman.ru/product/klavisha_quot_salon_3_quot-sku-123149/,updated,10264200,,198.0,,
199,6002,10005032,https://moreman.ru/product/nakonechnik_bagra_25_mm-sku-114893/,updated,10005032,,563.0,,
200,6235/6325,10005033,https://moreman.ru/product/nakonechnik_bagra_30_mm-sku-120641/,updated,10005033,,563.0,,
201,73203,10263435,https://moreman.ru/product/ruchka_lodki_myagkaya-sku-111536/,updated,10263435,,397.0,,
202,20.204.01,10014973,https://moreman.ru/product/smotrovoy_lyuchok_prozrachnyy_102_mm-sku-110916/,updated,10014973,,580.0,,
203,20.205.01,10014974,https://moreman.ru/product/smotrovoy_lyuchok_prozrachnyy_152_mm-sku-111049/,updated,10014974,,826.0,,
204,B11 Транцевые плиты,10264211,https://moreman.ru/product/klavisha_quot_trantsevye_plity_quot-sku-110568/,updated,10264211,,128.0,,
205,3401-0331,10264167,https://moreman.ru/product/bagor_130_240_mm-sku-111465/,updated,10264167,,2238.0,Длина: 130-240 см,
206,SF50693-10B,10264241,https://moreman.ru/product/blok_predokhraniteley_10_gnezd-sku-109957/,updated,10264241,,1212.0,,
207,SF50693-12B,10264242,https://moreman.ru/product/blok_predokhraniteley_12_gnezd-sku-110067/,updated,10264242,,1383.0,,
208,SF30936-1,10269768,https://moreman.ru/product/ventilyator_na_solnechnoy_bataree-sku-130867/,updated,10269768,,4212.0,,
209,2445,10243870,https://moreman.ru/product/derzhatel_napitkov_s_dvoynym_koltsom-sku-121805/,updated,10243870,,780.0,,
210,SF30662-W,10269189,https://moreman.ru/product/derzhatel_udilishcha_troynoy_belyy-sku-128159/,updated,10269189,,1139.0,Ширина: 310 мм Высота: 224 мм Диаметр: 47 мм Цвет: белый Страна-производитель: Китай; Высота: 224 мм Диаметр: 47 мм Цвет: белый Страна-производитель: Китай,
211,SF55123-11,10265575,https://moreman.ru/product/zapasnoy_rouls_dlya_lebedki_10263422-sku-121083/,updated,10265575,,1817.0,,
212,SFPP1-01,10252382,https://moreman.ru/product/illyuminator_kruglyy_210_mm_belyy-sku-110541/,updated,10252382,,3936.0,Длина: 210,
213,SFPP2-01,10252383,https://moreman.ru/product/illyuminator_kruglyy_210_mm_chernyy-sku-110489/,updated,10252383,,3891.0,Длина: 210,
214,SFPP1-02,10252384,https://moreman.ru/product/illyuminator_kruglyy_260_mm_belyy-sku-109554/,updated,10252384,,2833.0,Длина: 260,
215,SFPP1-03,10252386,https://moreman.ru/product/illyuminator_ovalnyy_220x410_mm_belyy-sku-109431/,updated,10252386,,3837.0,Длина: 220,
216,10037,10269358,https://moreman.ru/product/nabor_bokalov_165_ml_4_sht-sku-128470/,updated,10269358,,1880.0,,
217,10032,10269357,https://moreman.ru/product/nabor_bokalov_460_ml_4_sht-sku-128468/,updated,10269357,,1467.0,,
218,15005,10269325,https://moreman.ru/product/nabor_kruzhek_anchor_6_sht-sku-128400/,updated,10269325,,1568.0,,
219,15009,10269327,https://moreman.ru/product/nabor_misok_anchor_6_sht-sku-128404/,updated,10269327,,1850.0,,
220,SF20312-2W,10269174,https://moreman.ru/product/smotrovoy_lyuchok_6_dyuymov-sku-128131/,updated,10269174,,901.0,Высота: 23 мм Цвет: белый,
221,B15 Мацератор,10264215,https://moreman.ru/product/klavisha_quot_matserator_quot-sku-122066/,updated,10264215,,198.0,,
222,B10 Эхолот,10264210,https://moreman.ru/product/klavisha_quot_ekholot_quot-sku-109905/,updated,10264210,,128.0,,
223,SF21116,10269186,https://moreman.ru/product/ventilyatsionnaya_golovka-sku-128153/,updated,10269186,,454.0,,
224,B14Огонь,10264214,https://moreman.ru/product/klavisha_quot_ogon_quot-sku-119452/,updated,10264214,,128.0,,
225,B01 Фара,10264201,https://moreman.ru/product/klavisha_quot_fara_quot-sku-110643/,updated,10264201,,128.0,,
226,SF-BS1,10264217,https://moreman.ru/product/korob_tortsevoy-sku-109827/,updated,10264217,,75.0,,
227,KF09021 / J-F09027,10252242,https://moreman.ru/product/aksiometr_quot_moreman_quot_chernyy_tsiferblat_-sku-115872/,updated,10252242,,2791.0,,
228,OAR 1.85M,10260233,https://moreman.ru/product/veslo_1_85_m-sku-113650/,updated,10260233,,1513.0,"Длина: 1,5-1,85 м",
229,10269019,10269019,https://moreman.ru/product/grunt_odnokomponentnyy_moreman_silver_2_5_l-sku-128313/,updated,10269019,,6416.0,,
230,180040,10262279,https://moreman.ru/product/derzhatel_udilishcha_montazh_na_reling-sku-123086/,updated,10262279,,1557.0,,
231,10269016,10269016,https://moreman.ru/product/neobrastayushchaya_kraska_moreman_ultra_sinyaya_2_5_l-sku-128294/,updated,10269016,,19781.0,Длина: ГРУНТОВКА (один слой),
232,10269017,10269017,https://moreman.ru/product/neobrastayushchaya_kraska_moreman_ultra_chernaya_2_5_l-sku-128293/,updated,10269017,,19781.0,Длина: ГРУНТОВКА (один слой),
233,843,10254842,https://moreman.ru/product/palubnaya_gorlovina_quot_moreman_quot_diesel_50_mm-sku-118491/,updated,10254842,,2637.0,,
234,841,10246772,https://moreman.ru/product/palubnaya_gorlovina_quot_moreman_quot_fuel_50_mm-sku-115142/,updated,10246772,,2637.0,Длина: 77 мм Диаметр патрубка под шланг : 50 мм,
235,844,10249137,https://moreman.ru/product/palubnaya_gorlovina_quot_moreman_quot_water_38_mm-sku-111997/,updated,10249137,,1955.0,,
236,10267524,10267524,https://moreman.ru/product/perchatki_s_korotkimi_paltsami_krasnyy_belyy_chernyy_razmer_xl-sku-114650/,updated,10267524,,1686.0,,
237,10267517,10267517,https://moreman.ru/product/perchatki_s_korotkimi_paltsami_siniy_seryy_chernyy_razmer_2xl-sku-118809/,updated,10267517,,1686.0,,
238,JKE00285,10262482,https://moreman.ru/product/signalizator_urovnya_dlya_datchikov_10_190_om-sku-113096/,updated,10262482,,2380.0,,
239,JKE00023,10262481,https://moreman.ru/product/signalizator_urovnya_dlya_datchikov_240_33_om-sku-115680/,updated,10262481,,2380.0,,
240,KY09000 / J-Y09002,10252258,https://moreman.ru/product/chasy_quot_moreman_quot_chernyy_tsiferblat_-sku-115873/,updated,10252258,,4360.0,,
241,А2-01-09,10265053,https://moreman.ru/product/voronka_gsm_oktan_s_neprolivaykoy_160_chernyy-sku-118407/,updated,10265053,,344.0,,
242,B98 Салон 1,10264198,https://moreman.ru/product/klavisha_quot_salon_1_quot-sku-110066/,updated,10264198,,198.0,,
243,37-0872,10247800,https://moreman.ru/product/razvetvitel_gnezda_prikurivatelya-sku-120847/,updated,10247800,,1021.0,,
244,73012,10263455,https://moreman.ru/product/rym_yakornyy_-sku-116892/,updated,10263455,,397.0,,
245,B13 Садок,10264213,https://moreman.ru/product/klavisha_quot_sadok_quot-sku-110110/,updated,10264213,,128.0,,
246,1680-1,10243814,https://moreman.ru/product/ventilyatsionnaya_golovka_toplivnogo_baka_s_zashchitoy_ot_perelivaniya-sku-120360/,updated,10243814,,2777.0,,
247,B16 Вентилятор,10264216,https://moreman.ru/product/klavisha_quot_ventilyator_quot-sku-109473/,updated,10264216,,198.0,,
248,B05 Горн,10264205,https://moreman.ru/product/klavisha_gorn-sku-109623/,updated,10264205,,128.0,,
249,B97 Якорный огонь,10264197,https://moreman.ru/product/klavisha_quot_yakornyy_ogon_quot-sku-109700/,updated,10264197,,128.0,,
250,SF50713-3-BO,10264195,https://moreman.ru/product/klavishnyy_vyklyuchatel_2_svetodioda_trekhpozitsionnyy_bez_klavishi-sku-116748/,updated,10264195,,515.0,,
251,SF50713-5-BO,10265574,https://moreman.ru/product/klavishnyy_vyklyuchatel_2_svetodioda_trekhpozitsionnyy_s_vozvratnoy_pruzhinoy_bez_klavishi-sku-121312/,updated,10265574,,374.0,,
252,SF-BS3,10264219,https://moreman.ru/product/korob_odinarnyy-sku-110551/,updated,10264219,,83.0,,
253,SF-BS2,10264218,https://moreman.ru/product/korob_promezhutochnyy-sku-109493/,updated,10264218,,71.0,,
254,008-03046-2,10014889,https://moreman.ru/product/tumbler_s_nadpisyami_on_off-sku-113590/,updated,10014889,,265.0,,
255,CDC-A04B13,10247807,https://moreman.ru/product/shtutser_toplivnogo_baka_laquo_mercury_raquo-sku-124039/,updated,10247807,,589.0,,
256,MB2128P3,10265429,https://moreman.ru/product/buy_markernyy_21kh28_sm_oranzhevyy-sku-110484/,updated,10265429,,1134.0,Длина: 28,
257,73103,10263448,https://moreman.ru/product/veslo_razbornoe_150_sm-sku-112257/,updated,10263448,,1132.0,Длина: 145-160 см,
258,A1-02-02,10262847,https://moreman.ru/product/kanistra_kessler_universalnaya_zheltaya_10_l_-sku-120643/,updated,10262847,,1211.0,,
259,A1-02-04,10262849,https://moreman.ru/product/kanistra_kessler_universalnaya_zheltaya_25_l_-sku-115643/,updated,10262849,,2953.0,,
260,A1-02-01,10262846,https://moreman.ru/product/kanistra_kessler_universalnaya_zheltaya_5_l_-sku-114311/,updated,10262846,,1260.0,,
261,27,10265762,https://moreman.ru/product/konets_aleksandrova_6mm_25_m-sku-113268/,updated,10265762,,1197.0,,
262,20,10262776,https://moreman.ru/product/konets_aleksandrova_6mm_15_m-sku-118063/,updated,10262776,,879.0,,
263,БП-1/Д белый,10251433,https://moreman.ru/product/otboynik_bolshoy_belyy_82_sm-sku-116940/,updated,10251433,,3586.0,Длина: 82,
264,БП-1/Д желтый,10257764,https://moreman.ru/product/otboynik_bolshoy_zheltyy_82_sm-sku-114123/,updated,10257764,,3586.0,Длина: 82,
265,БП-1/Д синий,10251434,https://moreman.ru/product/otboynik_bolshoy_siniy_82_sm-sku-122641/,updated,10251434,,3586.0,Длина: 82,
266,БП-1/Д черный,10265509,https://moreman.ru/product/otboynik_bolshoy_chernyy_82_sm-sku-121170/,updated,10265509,,3586.0,Длина: 82,
267,ДУ-1/К белый,10269578,https://moreman.ru/product/prichalnyy_kranets_l_obraznyy_belyy_dlina_725_mm-sku-129722/,updated,10269578,,1919.0,"Длина: 72,5 см",
268,ДУ-1/К черный,10269657,https://moreman.ru/product/prichalnyy_kranets_l_obraznyy_chernyy_725_mm-sku-129718/,updated,10269657,,1919.0,"Длина: 72,5 см",
269,1023001,10265712,https://moreman.ru/product/telezhka_pod_motor_do_100_kg-sku-110806/,updated,10265712,,10987.0,Высота: 117см Страна-производитель: Россия,
270,73602,10263427,https://moreman.ru/product/uklyuchina_povorotnaya_v_sbore_2-sku-111748/,updated,10263427,,497.0,,
271,10261864,10261864,https://moreman.ru/product/flag_rossii_shityy_12kh18_sm-sku-121537/,updated,10261864,,936.0,,
272,№4,10259202,https://moreman.ru/product/flag_rossii_shityy_90kh135_sm-sku-115104/,updated,10259202,,2094.0,,
273,16,10262932,https://moreman.ru/product/yakornaya_namotka_10mm_20m_-sku-122627/,updated,10262932,,1072.0,,
274,6,10262930,https://moreman.ru/product/yakornaya_namotka_8mm_30m_-sku-114183/,updated,10262930,,1166.0,,
275,008-030255S,10014890,https://moreman.ru/product/klavishnyy_vyklyuchatel-sku-112333/,updated,10014890,,425.0,,
276,SF50713-7-5P-A5BO,10264191,https://moreman.ru/product/klavishnyy_vyklyuchatel_2_svetodioda_dvukhpozitsionnyy_s_vozvratnoy_pruzhinoy-sku-110596/,updated,10264191,,420.0,,
277,75104W,10251887,https://moreman.ru/product/sidene_quot_pro_casting_quot_beloe-sku-111708/,updated,10251887,,2592.0,Ширина: 36 см; Высота: 18 см,
278,HM40-10056,10268281,https://moreman.ru/product/sidene_skipper_kamuflyazh-sku-120510/,updated,10268281,,8876.0,,
279,B99Салон 2,10264199,https://moreman.ru/product/klavisha_quot_salon_2_quot-sku-109369/,updated,10264199,,128.0,,
280,C0001-B,10261834,https://moreman.ru/product/kronshteyn_tenta_pryamoy_chernyy-sku-123627/,updated,10261834,,61.0,,
281,C12241-1,10261810,https://moreman.ru/product/organayzer_dlya_melochey_kreplenie_na_vintakh_-sku-117454/,updated,10261810,,409.0,,
282,C12241,10261809,https://moreman.ru/product/organayzer_dlya_melochey_kreplenie_na_prisoskakh_-sku-119871/,updated,10261809,,637.0,,
283,C11211,10261857,https://moreman.ru/product/rolik_kilevoy_dlya_treylera_133_mm_chernyy-sku-123942/,updated,10261857,,526.0,Ширина: 133 мм,
284,E3-LC002-1W,10257148,https://moreman.ru/product/svetilnik_svetodiodnyy_dvoynoy_montazh-sku-116855/,updated,10257148,,2302.0,,
285,B96 Ходовые огни,10264196,https://moreman.ru/product/klavisha_quot_khodovye_ogni_quot-sku-109733/,updated,10264196,,128.0,,
286,SF50713-6-5P-BO,10264193,https://moreman.ru/product/klavishnyy_vyklyuchatel_2_svetodioda_dvukhpozitsionnyy_bez_klavishi-sku-116707/,updated,10264193,,364.0,,
287,SF50713-3-A5BO,10264192,https://moreman.ru/product/klavishnyy_vyklyuchatel_2_svetodioda_trekhpozitsionnyy-sku-110199/,updated,10264192,,405.0,,
288,189927-1,10250575,https://moreman.ru/product/dopolnitelnoe_osnovanie_dlya_demontiruemoy_stoyki_stoleshnitsy-sku-116603/,updated,10250575,,2339.0,,
289,B03 Стеклоочиститель,10264203,https://moreman.ru/product/klavisha_quot_stekloochistitel_quot-sku-109734/,updated,10264203,,128.0,,
290,B12 Вкл/Выкл,10264212,https://moreman.ru/product/klavisha_quot_vkl_vykl_quot-sku-109760/,updated,10264212,,128.0,,
291,B02 Подсветка,10264202,https://moreman.ru/product/klavisha_quot_podsvetka_quot-sku-109666/,updated,10264202,,128.0,,
292,008-03168,10006067,https://moreman.ru/product/tumbler_s_podsvetkoy_2_pozitsionnyy-sku-121957/,updated,10006067,,460.0,,
293,10268644,10268644,https://moreman.ru/product/nasos_dlya_otkachki_masla-sku-118293/,updated,10268644,,870.0,,
294,C0001-W,10261835,https://moreman.ru/product/kronshteyn_tenta_pryamoy_belyy_-sku-115204/,updated,10261835,,113.0,,
295,CS0002,10261840,https://moreman.ru/product/kronshteyn_tenta_skolzyashchiy_chernyy_plastik_s_regulirovochnym_vintom-sku-120589/,updated,10261840,,104.0,,
296,63.050.80,10249695,https://moreman.ru/product/kryuk_karabin_plastikovyy-sku-119743/,updated,10249695,,54.0,,
297,030201T,10269389,https://vodnik.ru/poruchen-d25mm-250-mm-11225725.html,updated,030201T,,2013.0,Длина: 250 мм,90 г
298,2049001,10265711,https://moreman.ru/product/rym_yakornyy-sku-110953/,updated,10265711,,294.0,,
299,73501,10263440,https://moreman.ru/product/ruchka_nosovaya-sku-111069/,updated,10263440,,242.0,,
300,73304,10263428,https://moreman.ru/product/shayba_leera_kontsevaya-sku-121846/,updated,10263428,,83.0,,
301,B04Якорь,10264204,https://moreman.ru/product/klavisha_quot_yakor_quot-sku-119511/,updated,10264204,,128.0,,
302,CFRS701P2W,049-0004550,https://vodnik.ru/derzhatel-spinninga-2-stakana-belyy-00178318.html,sku_mismatch_skip_price_dims,54078-02,"Держатель спиннинга 2 стакана, белый",,,
303,A6C1R12VZS,049-0004361,https://vodnik.ru/knopka-s-fiksaciey-12-v-3a-off-on-5p-d16-krasnaya-podsvetka-00180522.html,updated,A6C1R12VZS,,554.0,,90 г
304,AES121439PU,049-0002647,https://vodnik.ru/panel-s-usb-razemom-5v-2-1a-i-prikurivatelem-00178314.html,sku_mismatch_skip_price_dims,AD6-1011/2013,Панель с USB-разъемом 5в 2.1А и прикуривателем,,,
305,AD9-1011/2013/4010,049-0004415,https://vodnik.ru/panel-s-usb-razemom-5v-2-1a-prikurivatelem-i-voltmetrom-00178317.html,updated,AD9-1011/2013/4010,,1607.0,Размер: 150х83х47 мм,90 г
306,AS1011BR,049-0004362,https://vodnik.ru/razem-prikurivatelya-vreznoy-svetodiodnyy-krasnyy-00183754.html,updated,AS1011BR,,366.0,,90 г
307,00155-LW,049-0004878,https://vodnik.ru/svetilnik-dlya-podsvetki-palub-i-trapov-svetodiodnyy-12-v-3-vt-chernyy-00177138.html,updated,00155-LW,,446.0,Размер: 57x57x25 мм,90 г
308,00202-WH,049-0004671,https://vodnik.ru/svetilnik-kayutnyy-svetodiodnyy-00178244.html,sku_mismatch_skip_price_dims,00553-WH,Светильник каютный светодиодный,,,
309,00273-3W,049-0005201,https://vodnik.ru/svetilnik-kayutnyy-svetodiodnyy-00178244.html,sku_mismatch_skip_price_dims,00553-WH,Светильник каютный светодиодный,,,
310,AN3C-111AA,049-0004122,https://vodnik.ru/tumbler-dvuhpozicionnyy-on-off-12-v-6a-2p-00182429.html,sku_mismatch_skip_price_dims,AN3C-101,Тумблер двухпозиционный ON-OFF 12 В/6А 2P,,,
311,13500-02,049-0004526,https://vodnik.ru/reshetka-vozduhozabornika-00183757.html,updated,13500-02,,437.0,Размер: 127х127 мм,90 г
312,AES121123A,049-0000385,https://vodnik.ru/vyklyuchatel-massy-2-polozheniya-310a-12-36-v-00117741.html,updated,AES121123A,,,Размер: 160х160х70 мм,90 г
313,AESPA2,049-0000373,https://vodnik.ru/panel-centralnaya-dlya-gruppovoy-ustanovki-pereklyuchateley-aes11185h-00139290.html,updated,AESPA2,,,,90 г
314,AES111882P,049-0000012,https://vodnik.ru/pereklyuchatel-dvuhpozicionnyy-on-off-12-v-20a-4r-00117636.html,updated,AES111882P,,,,90 г
315,AES111883PM,-55,https://vodnik.ru/pereklyuchatel-dvuhpozicionnyy-on-off-12-v-20a-3r-s-podsvetkoy-bez-fiksacii-1-polozheniya-00117644.html,sku_mismatch_skip_price_dims,4620136054911,Переключатель двухпозиционный (ON)-OFF 12 В/20А 3Р с подсветкой без фиксации 1 положения,,,
316,AES111851AM,049-0000292,https://vodnik.ru/pereklyuchatel-dvuhpozicionnyy-on-on-12-v-16a-3r-bez-fiksacii-1-polozheniya-00117562.html,updated,AES111851AM,,200.0,,90 г
317,AES111852AM,-56,https://vodnik.ru/pereklyuchatel-dvuhpozicionnyy-on-on-12-v-16a-6r-bez-fiksacii-1-polozheniya-00117577.html,updated,AES111852AM,,231.0,,90 г
318,AES111881PAM,-57,https://vodnik.ru/pereklyuchatel-dvuhpozicionnyy-on-on-12-v-20a-3r-bez-fiksacii-1-polozheniya-00117630.html,updated,AES111881PAM,,218.0,,90 г
319,AES111882PAM,-59,https://vodnik.ru/pereklyuchatel-dvuhpozicionnyy-on-on-12-v-20a-6r-bez-fiksacii-1-polozheniya-00117639.html,updated,AES111882PAM,,,,90 г
320,AES111851,049-0002230,https://vodnik.ru/pereklyuchatel-dvuhpozicionnyy-on-off-12-v-16a-2r-00117559.html,updated,AES111851,,209.0,,90 г
321,AES111852,049-0000379,https://vodnik.ru/pereklyuchatel-dvuhpozicionnyy-on-off-12-v-16a-4r-00117572.html,updated,AES111852,,231.0,,90 г
322,AES111854,049-0001061,https://vodnik.ru/pereklyuchatel-dvuhpozicionnyy-on-off-12-v-16a-4r-s-podsvetkoy-00117575.html,updated,AES111854,,333.0,,90 г
323,AES111851A,-61,https://vodnik.ru/pereklyuchatel-dvuhpozicionnyy-on-on-12-v-16a-3r-00117561.html,updated,AES111851A,,231.0,,90 г
324,AES111882PA,-63,https://vodnik.ru/pereklyuchatel-dvuhpozicionnyy-on-on-12-v-20a-6r-00117638.html,updated,AES111882PA,,267.0,,90 г
325,AES111882PBM1,-4,https://vodnik.ru/pereklyuchatel-trehpozicionnyy-on-off-on-12-v-20a-6r-bez-fiksacii-1-polozheniya-00117642.html,updated,AES111882PBM1,,,,90 г
326,AES111852BM1,-64,https://vodnik.ru/pereklyuchatel-trehpozicionnyy-on-off-on-12-v-16a-6r-bez-fiksacii-1-polozheniya-00117579.html,updated,AES111852BM1,,,,90 г
327,AES111883PBM1,049-0000339,https://vodnik.ru/pereklyuchatel-trehpozicionnyy-on-off-on-12-v-20a-4r-s-podsvetkoy-bez-fiksacii-1-polozheniya-00117650.html,sku_mismatch_skip_price_dims,4620136054591,Переключатель трехпозиционный (ON)-OFF-ON 12 В/20А 4Р с подсветкой без фиксации 1 положения,,,
328,AES1118SUB0132,049-0004026,https://vodnik.ru/razem-usb-5v-4-2a-00150266.html,updated,AES1118SUB0132,,,,90 г
329,663252,049-0005274,https://vodnik.ru/bak-toplivnyy-52-l-stacionarnyy-elfo-80h35h22-sm-00047555.html,updated,663252,,,Размер: 80х35х27 см,4400 г
330,6002-25,049-0004875,https://vodnik.ru/nakonechnik-bagra-25-mm-00182592.html,updated,6002-25,,338.0,,90 г
331,90X8163762A,049-0004017,https://vodnik.ru/otvetnaya-chast-dot-dlya-tentovoy-zastezhki-na-klipse-nikelirovannaya-latun-00097253.html,updated,90X8163762A,,68.0,,90 г
332,9900026210100,049-0004674,https://vodnik.ru/maslo-ecstar-suzuki-marine-v5000-4t-sae-10w40-1-l-mineralnoe-00134471.html,updated,9900026210100,,,,90 г
333,C11814,049-0004570,https://vodnik.ru/bagor-teleskopicheskiy-1-2-2-1-m-00182741.html,updated,C11814,,1520.0,Длина: 120-210 см,400 г
334,C11819,049-0004030,https://vodnik.ru/bagor-teleskopicheskiy-1-4-2-4-m-00018116.html,updated,C11819,,1749.0,Длина: 140–240 см,558 г
335,C14541,049-0004078,https://vodnik.ru/bak-toplivnyy-12-l-bez-perehodnika-27877.html,updated,C14541,,2880.0,Размер: 35х25х23 см,1400 г
336,C11284,049-0005133,https://vodnik.ru/val-dlya-podkilnogo-rolika-285h16-mm-00120441.html,updated,C11284,,563.0,Длина: 285 мм,90 г
337,C11557,049-0005205,https://vodnik.ru/derzhatel-vesla-bagra-nerzhaveyuschiy-00088005.html,updated,C11557,,394.0,Размер: 61х43х19 мм,"29,5 г"
338,C11631,049-0004944,https://vodnik.ru/derzhatel-emkosti-85mm-plastmassa-00090755.html,updated,C11631,,44.0,,90 г
339,C87013,049-0004943,https://vodnik.ru/kreplenie-dlya-akb-262h173-mm-s-ramkoy-00120433.html,updated,C87013,,835.0,Размер: 262х173 мм,90 г
340,C11488,049-0004942,https://vodnik.ru/kreplenie-dlya-akb-275h175-mm-s-plankoy-00120432.html,updated,C11488,,515.0,Размер: 275х175 мм,90 г
341,C87012,049-0004945,https://vodnik.ru/kreplenie-dlya-akb-325h160-mm-s-ramkoy-00127744.html,updated,C87012,,1546.0,Размер: 300х165 мм,90 г
342,CS0003-049-0004110,049-0004110,https://vodnik.ru/kronshteyn-palubnyy-90-grad-vint-barashek-rovnoe-osnovanie-plastikovyy-chernyy-00082977.html,sku_mismatch_skip_price_dims,CS0003,"Кронштейн палубный 75 град, винт-барашек, ровное основание, пластиковый черный",,,
343,C0001W,049-0004073,https://vodnik.ru/kronshteyn-palubnyy-90-grad-s-vintovym-shtiftom-rovnoe-osnovanie-plastikovyy-belyy-00120378.html,updated,C0001W,,101.0,"Размер: 64х22,5,34 мм",90 г
344,C0001B,049-0002651,https://vodnik.ru/kronshteyn-palubnyy-90-grad-s-vintovym-shtiftom-rovnoe-osnovanie-plastikovyy-chernyy-00120377.html,updated,C0001B,,83.0,"Размер: 64х22,5,34 мм",90 г
345,C13709,049-0000030,https://vodnik.ru/lyuk-smotrovoy-380-h-280-mm-00013335.html,updated,C13709,,2811.0,Размер: 377х277 мм,"0,9 кг"
346,C13710,049-0000031,https://vodnik.ru/lyuk-smotrovoy-400-h-320-mm-00041459.html,updated,C13710,,3621.0,Размер: 400х328 мм,"0,9 кг"
347,C12791,049-0000425,https://vodnik.ru/lyuchok-palubnyy-4-chernyy-00136062.html,updated,C12791,,,Размер: Ø 145 мм,90 г
348,C13104,049-0001056,https://vodnik.ru/lyuchok-palubnyy-6-chernyy-00173960.html,updated,C13104,,870.0,Размер: Ø 206 мм,90 г
349,С12793,049-0004358,https://vodnik.ru/lyuchok-palubnyy-6-chernyy-00173960.html,sku_mismatch_skip_price_dims,C13104,"Лючок палубный 6"", черный",,,
350,C91339LED,049-0005267,https://vodnik.ru/panel-bortovogo-pitaniya-s-razemom-prikurivatelya-i-diodnoy-indikaciey-3-pereklyuchatelya-00110725.html,updated,C91339LED,,4847.0,Размер: 107х96 мм,90 г
351,C91333,049-0005265,https://vodnik.ru/panel-kontrolya-zaryada-akkumulyatora-29520.html,updated,C91333,,338.0,Размер: 64х83 мм,90 г
352,C02244,049-0000051,https://vodnik.ru/poruchen-30-sm-12-00018104.html,updated,C02244,,2456.0,Размер: 300х25 мм,90 г
353,C11310S,049-0000243,https://vodnik.ru/rolik-nosovoy-3-zheltyy-00120439.html,updated,C11310S,,,Длина: 70 мм,90 г
354,C11204S,049-0005128,https://vodnik.ru/rolik-nosovoy-4-zheltyy-00120440.html,updated,C11204S,,515.0,Длина: 101 мм,90 г
355,C11323B,049-0003982,https://vodnik.ru/rolik-podkilnyy-250-mm-chernyy-00041452.html,updated,C11323B,,1157.0,Длина: 250 мм,1 кг
356,C11112,049-0002416,https://vodnik.ru/strop-dlya-lebedki-4-5m-00018111.html,updated,C11112,,998.0,"Длина: 4,5 м",380 гр
357,C16029,049-0000430,https://vodnik.ru/udlinitel-rumpelya-64-sm-00051276.html,updated,C16029,,1162.0,Длина: 64 см,322 г
358,C16030,049-0004800,https://vodnik.ru/udlinitel-rumpelya-76-sm-26298.html,updated,C16030,,1228.0,Длина: 76 см,371 г
359,C11305S,049-0004798,https://vodnik.ru/upor-podkilnyy-108-mm-29529.html,updated,C11305S,,534.0,Длина: 108 мм,"0,3 кг"
360,C11303S,049-0002657,https://vodnik.ru/upor-podkilnyy-152-mm-29528.html,updated,C11303S,,487.0,Длина: 152 мм,"0,3 кг"
361,C14768,049-0000443,https://vodnik.ru/filtr-toplivnyy-10-mk-vstavka-smennaya-bolshaya-00041462.html,updated,C14768,,2457.0,Длина: 146 мм,580 г
362,C14527,049-0002421,https://vodnik.ru/shtucer-toplivnyy-v-bak-suzuki-adapter-metall-od-13mm-sovmestim-s-c14535-29515.html,updated,C14527,,549.0,,90 г
363,C91339,049-0002638,https://vodnik.ru/panel-bortovogo-pitaniya-s-razemom-prikurivatelya-3-pereklyuchatelya-00110724.html,updated,C91339,,667.0,Размер: 107х96 мм,90 г
364,16911759003,049-0001869,https://vodnik.ru/filtr-toplivnyy-honda-bf115-225-00035892.html,updated,16911759003,,,,90 г
365,16900SA5004,049-0001868,https://vodnik.ru/filtr-toplivnyy-honda-bf35-90-00054968.html,updated,16900SA5004,,,,90 г
366,66229,049-0000250,https://vodnik.ru/zaglushka-leera-7-8-22-2-mm-00035117.html,sku_mismatch_skip_price_dims,66229_Kof,"Заглушка леера 7/8""(22,2 мм)",,,
367,66115,049-0000266,https://vodnik.ru/osnovanie-stoyki-leera-1-25-4-mm-45-grad-pryamougolnoe-00117513.html,sku_mismatch_skip_price_dims,66115_Kof,"Основание стойки леера 1"" (25,4 мм), 45 град, прямоугольное",,,
368,66142,049-0000282,https://vodnik.ru/osnovanie-stoyki-leera-1-25-4-mm-60-grad-pryamougolnoe-00117514.html,sku_mismatch_skip_price_dims,66142_Kof,"Основание стойки леера 1""(25,4 мм), 60 град, прямоугольное",,,
369,66015,049-0000268,https://vodnik.ru/osnovanie-stoyki-leera-7-8-22-2-mm-45-grad-pryamougolnoe-00006539.html,sku_mismatch_skip_price_dims,66015_Kof,"Основание стойки леера 7/8"" (22,2 мм), 45 град, прямоугольное",,,
370,66043,049-0000265,https://vodnik.ru/troynik-leera-7-8-22-2-mm-90-grad-00017464.html,sku_mismatch_skip_price_dims,66043_Kof,"Тройник леера 7/8""(22,2 мм), 90 град",,,
371,66011,049-0000321,https://vodnik.ru/utka-shvartovaya-10-00041902.html,sku_mismatch_skip_price_dims,66011_Kof,"Утка швартовая 10""",,,
372,66009,049-0000322,https://vodnik.ru/utka-shvartovaya-6-00041900.html,sku_mismatch_skip_price_dims,66009_Kof,"Утка швартовая 6""",,,
373,66093_Kof,049-0002337,https://vodnik.ru/troynik-leera-7-8-22-2-mm-60-grad-00017466.html,updated,66093_Kof,,354.0,,90 г
374,ABK,049-0004917,https://vodnik.ru/privod-trancevyh-plit-standartnyy-lectrotab-00190218.html,updated,ABK,,33969.0,Длина: 57 мм,90 г
375,4211-103-110,049-0001980,https://vodnik.ru/grebnoy-vint-3x10-1-4x11-marine-rocket-11286759.html,updated,4211-103-110,,3661.0,Параметры винта: 3x10.3x11R,90 г
376,3021-3104-13,049-0001822,https://vodnik.ru/grebnoy-vint-3x10-3-8x13-marine-rocket-00179754.html,sku_mismatch_skip_price_dims,1211-104-130,"Гребной винт 3x10-3/8x13, Marine Rocket",,,
377,4311-115-110,049-0001985,https://vodnik.ru/grebnoy-vint-3x11-1-2x11-marine-rocket-11286762.html,updated,4311-115-110,,4897.0,Параметры винта: 3x11.5x11R,90 г
378,3237-3113-15,049-0004539,https://vodnik.ru/grebnoy-vint-3x11-1-4x15-marine-rocket-00175148.html,sku_mismatch_skip_price_dims,4311-113-150,"Гребной винт 3x11-1/4x15, Marine Rocket",,,
379,3121-3112-13,049-0001948,https://vodnik.ru/grebnoy-vint-3x11-1-8x13-marine-rocket-11286839.html,sku_mismatch_skip_price_dims,5311-111-130,"Гребной винт 3x11-1/8x13, Marine Rocket",,,
380,3311-118-100,049-0001963,https://vodnik.ru/grebnoy-vint-3x11-3-4x10-marine-rocket-11286699.html,updated,3311-118-100,,4285.0,Параметры винта: 3x11.8x10R,90 г
381,3311-123-090,049-0001964,https://vodnik.ru/grebnoy-vint-3x12-1-4x9-marine-rocket-11286698.html,updated,3311-123-090,,4285.0,Параметры винта: 3x12.3x9R,90 г
382,3011-075-070,049-0001936,https://vodnik.ru/grebnoy-vint-3x7-1-2x7-marine-rocket-11286684.html,updated,3011-075-070,,1853.0,Параметры винта: 3x7.5x7R,90 г
383,9121-3075-07,049-0002046,https://vodnik.ru/grebnoy-vint-3x7-1-2x7-marine-rocket-11286755.html,sku_mismatch_skip_price_dims,4011-075-070,"Гребной винт 3x7-1/2x7, Marine Rocket",,,
384,3001-075-080,049-0001934,https://vodnik.ru/grebnoy-vint-3x7-1-2x8-marine-rocket-11286685.html,sku_mismatch_skip_price_dims,3011-075-080,"Гребной винт 3x7-1/2x8, Marine Rocket",,,
385,3011-075-080,049-0001937,https://vodnik.ru/grebnoy-vint-3x7-1-2x8-marine-rocket-11286685.html,updated,3011-075-080,,1853.0,Параметры винта: 3x7.5x8R,90 г
386,3011-073-050,049-0001935,https://vodnik.ru/grebnoy-vint-3x7-1-4x5-marine-rocket-11286680.html,sku_mismatch_skip_price_dims,3011-073-050P,"Гребной винт 3x7-1/4x5, Marine Rocket",,,
387,3011-073-050P,049-0004876,https://vodnik.ru/grebnoy-vint-3x7-1-4x5-marine-rocket-11286680.html,updated,3011-073-050P,,,Параметры винта: 3x7.3x5R,90 г
388,4011-075-060,049-0001972,https://vodnik.ru/grebnoy-vint-3x7-3-8x5-3-8-marine-rocket-11286753.html,updated,4011-075-060,,,Параметры винта: 3x7.3x5.3R,90 г
389,5011-078-080,049-0005307,https://vodnik.ru/grebnoy-vint-3x7-8x8-marine-rocket-11286784.html,updated,5011-078-080,,2342.0,Параметры винта: 3x7.8x8R,90 г
390,5011-075-090,049-0003706,https://vodnik.ru/grebnoy-vint-3x7-8x9-marine-rocket-00175188.html,updated,5011-075-090,,2142.0,Параметры винта: 3x7.8x9,90 г
391,3011-085-075,049-0001938,https://vodnik.ru/grebnoy-vint-3x8-1-2x7-1-2-marine-rocket-11286687.html,updated,3011-085-075,,2602.0,Параметры винта: 3x8.5x7.5R,90 г
392,3011-085-085,049-0001939,https://vodnik.ru/grebnoy-vint-3x8-1-2x8-1-2-marine-rocket-11286688.html,updated,3011-085-085,,2602.0,Параметры винта: 3x8.5x8.5R,90 г
393,5011-085-090,049-0004019,https://vodnik.ru/grebnoy-vint-3x8-1-2x9-marine-rocket-00102974.html,updated,5011-085-090,,2935.0,Параметры винта: 3x8.5x9R,90 г
394,5011-085-075,049-0004564,https://vodnik.ru/grebnoy-vint-3x8-5x7-5-marine-rocket-00175191.html,updated,5011-085-075,,3453.0,Параметры винта: 3x8.5x7.5,90 г
395,3111-093-100J1,049-0001944,https://vodnik.ru/grebnoy-vint-3x9-1-4x10-marine-rocket-00096363.html,updated,3111-093-100J1,,3467.0,Параметры винта: 3x9.3x10R,90 г
396,1121-3093-12,049-0001858,https://vodnik.ru/grebnoy-vint-3x9-1-4x12-marine-rocket-00181735.html,sku_mismatch_skip_price_dims,4121-093-120A,"Гребной винт 3x9-1/4x12, Marine Rocket",,,
397,3211-099-105,049-0001954,https://vodnik.ru/grebnoy-vint-3x9-7-8x10-1-2-marine-rocket-11286697.html,updated,3211-099-105,,3937.0,Параметры винта: 3x9.9x10.5R,90 г
398,LS0225S5USMR,049-0005198,https://vodnik.ru/datchik-urovnya-225-mm-240-33-om-s5-marine-rocket-00110465.html,updated,LS0225S5USMR,,2240.0,Длина: 750 мм,90 г
399,CFMT303,049-0004551,https://vodnik.ru/kreplenie-derzhatelya-spinninga-universalnoe-chernoe-00200121.html,sku_mismatch_skip_price_dims,MGFAM001,Крепление держателя спиннинга универсальное черное,,,
400,4620136019941,049-0004891,https://vodnik.ru/maslo-2-taktnoe-mineralnoe-tc-w3-marine-rocket-1-l-00187219.html,sku_mismatch_skip_price_dims,4610580470023,Масло 2-тактное минеральное TC-W3 Marine Rocket 1 л.,,,
401,4620136022668-049-0004893,049-0004893,https://vodnik.ru/maslo-4-taktnoe-mineralnoe-10w40-marine-rocket-4-l-00188646.html,sku_mismatch_skip_price_dims,4620136022668,Масло 4-тактное минеральное 10W40 Marine Rocket 4 л,,,
402,4620136022668-049-0005028,049-0005028,https://vodnik.ru/maslo-4-taktnoe-mineralnoe-10w40-marine-rocket-4-l-00188646.html,sku_mismatch_skip_price_dims,4620136022668,Масло 4-тактное минеральное 10W40 Marine Rocket 4 л,,,
403,4620136030618,049-0005111,https://vodnik.ru/maslo-transmissionnoe-marine-rocket-gear-oil-sae-90-1l-00192909.html,sku_mismatch_skip_price_dims,4610580470054,"Масло трансмиссионное Marine Rocket, Gear Oil Sae 90, 1L",,,
404,4620136057035,049-0005269,https://vodnik.ru/prikurivatel-s-rozetkoy-12-v-00197872.html,updated,4620136057035,,131.0,,90 г
405,AES1118SU113,049-0002458,https://vodnik.ru/razem-usb-5v-3-1a-na-paneli-00178338.html,sku_mismatch_skip_price_dims,4620136035040,Разъем USB 5В 3.1А на панели,,,
406,AES1118SUV,049-0004406,https://vodnik.ru/razem-usb-5v-4-2a-i-voltmetr-cifrovoy-5-30-v-00150268.html,sku_mismatch_skip_price_dims,4620136056236,Разъем USB 5В 4.2А и вольтметр цифровой 5-30 В,,,
407,MR01100205,049-0004732,https://vodnik.ru/remen-grm-marine-rocket-f15-01-03-00-25-11450039.html,updated,MR01100205,,988.0,,90 г
408,MR01100508,049-0004733,https://vodnik.ru/remen-grm-marine-rocket-f9-9-01-03-00-09-00188318.html,updated,MR01100508,,1118.0,,90 г
409,MR011018005,049-0004734,https://vodnik.ru/remen-grm-marine-rocket-f25-01-04-00-11-11450021.html,updated,MR011018005,,,,90 г
410,T1327M2,049-0000370,https://vodnik.ru/tumbler-trehpozicionnyy-on-off-on-12-v-15a-3p-00198384.html,sku_mismatch_skip_price_dims,MR33PB,Тумблер трехпозиционный (ON)-OFF-(ON) 12 В/15А 3P,,,
411,FLM0002WSMR,049-0005200,https://vodnik.ru/ukazatel-urovnya-topliva-0-190-om-evro-belyy-ciferblat-nerzhaveyuschiy-obodok-d-52-mm-marine-rocket-00072853.html,updated,FLM0002WSMR,,1954.0,,90 г
412,AD4310,049-0003749,https://vodnik.ru/voltmetr-cifrovoy-na-paneli-5-30-v-00178290.html,updated,AD4310,,749.0,,90 г
413,MR01060332,049-0004727,https://vodnik.ru/krylchatka-ohlazhdeniya-marine-rocket-f4-06-21-03-00-00188077.html,updated,MR01060332,,393.0,"Высота: 12,6 мм",90 г
414,MR01061147,049-0004717,https://vodnik.ru/krylchatka-ohlazhdeniya-marine-rocket-40f-06-09-00-11452100.html,updated,MR01061147,,549.0,,90 г
415,MR01061901B,049-0004731,https://vodnik.ru/krylchatka-ohlazhdeniya-marine-rocket-60f-06-00-01-00-11450025.html,updated,MR01061901B,,1403.0,Высота: 30 мм,90 г
416,MR010620010,049-0004730,https://vodnik.ru/krylchatka-ohlazhdeniya-marine-rocket-2-5f-06-01-00-00-00188023.html,updated,MR010620010,,568.0,Высота: 14 мм,90 г
417,MR2062606004A,049-0004729,https://vodnik.ru/krylchatka-ohlazhdeniya-marine-rocket-f40-06-00-01-00-11450032.html,updated,MR2062606004A,,864.0,Высота: 19 мм,90 г
418,MR2102601005A,049-0004721,https://vodnik.ru/toplivnyy-filtr-marine-rocket-f40-01-07-03-15-11452267.html,updated,MR2102601005A,,364.0,,90 г
419,MR01070165,049-0004724,https://vodnik.ru/filtr-toplivnyy-marine-rocket-15f-01-07-05-05-00188228.html,updated,MR01070165,,629.0,,90 г
420,MR01070518,049-0004720,https://vodnik.ru/filtr-toplivnyy-marine-rocket-f9-9-01-04-03-00-00188092.html,updated,MR01070518,,,,90 г
421,MR011018084,049-0004726,https://vodnik.ru/filtr-toplivnyy-marine-rocket-f25ei-01-03-00-22-11452277.html,updated,MR011018084,,1294.0,,90 г
422,MR2052701013A,049-0004723,https://vodnik.ru/filtr-toplivnyy-marine-rocket-f60-01-07-03-03-11450023.html,updated,MR2052701013A,,447.0,,90 г
423,MR2072701075A,049-0004722,https://vodnik.ru/filtr-toplivnyy-marine-rocket-smennyy-element-f60-01-07-01-08-11450084.html,updated,MR2072701075A,,389.0,,90 г
424,A006226102_,049-0000934,https://vodnik.ru/gorlovina-dnischevaya-analog-00055816.html,updated,A006226102_,,,Размер: 100х70 мм,145 г
425,KR06,049-0005134,https://vodnik.ru/rolik-bokovoy-d-108-8-mm-w-75-42-mm-d-19-12-mm-00156536.html,updated,KR06,,677.0,"Ширина: 75,4 мм",90 г
426,KR04,049-0005129,https://vodnik.ru/rolik-nosovoy-00156539.html,updated,KR04,,731.0,Длина: 89 мм,90 г
427,KR05,049-0002645,https://vodnik.ru/upor-podkilnyy-3-shirina-2-7-8-d-1-2-00156540.html,updated,KR05,,813.0,Размер: 70х65 мм,90 г
428,19210ZW9A31_OM,049-0001898,https://vodnik.ru/krylchatka-ohlazhdeniya-honda-bf15d-20d-omax-00159134.html,updated,19210ZW9A31_OM,,440.0,"Высота: 14,8 мм",90 г
429,19210ZV7003_OM,049-0001892,https://vodnik.ru/krylchatka-ohlazhdeniya-honda-bf25-30-omax-00159131.html,updated,19210ZV7003_OM,,432.0,Высота: 20 мм,90 г
430,19210ZV5003_OM,049-0001890,https://vodnik.ru/krylchatka-ohlazhdeniya-honda-bf35-60-omax-00159129.html,updated,19210ZV5003_OM,,,Высота: 20 мм,90 г
431,19210881A01_OM,049-0001886,https://vodnik.ru/krylchatka-ohlazhdeniya-honda-bf4-5-8-omax-00159126.html,updated,19210881A01_OM,,529.0,Высота: 23 мм,90 г
432,19210ZW1B02_OM,049-0001893,https://vodnik.ru/krylchatka-ohlazhdeniya-honda-bf75-150a-omax-00159132.html,updated,19210ZW1B02_OM,,964.0,Высота: 31 мм,90 г
433,19210ZV4651_OM,049-0001889,https://vodnik.ru/krylchatka-ohlazhdeniya-honda-bf8c-bf9-9a-b-bf15a-b-omax-00159128.html,updated,19210ZV4651_OM,,474.0,Высота: 27.5 мм,90 г
434,4789983T_OM,049-0001993,https://vodnik.ru/krylchatka-ohlazhdeniya-mercury-35-70-omax-00159663.html,updated,4789983T_OM,,565.0,Высота: 30 мм,90 г
435,47420382_OM,049-0001992,https://vodnik.ru/krylchatka-ohlazhdeniya-mercury-6-15-omax-00156891.html,updated,47420382_OM,,722.0,Высота: 11.54 мм,90 г
436,47161543_OM,049-0001990,https://vodnik.ru/krylchatka-ohlazhdeniya-mercury-3-5-omax-00156889.html,updated,47161543_OM,,592.0,Высота: 14 мм,90 г
437,1746197J10_OM,049-0001883,https://vodnik.ru/krylchatka-ohlazhdeniya-suzuki-df2-5-omax-00146153.html,updated,1746197J10_OM,,437.0,Высота: 14 мм,90 г
438,1746193J00_OM,049-0001876,https://vodnik.ru/krylchatka-ohlazhdeniya-suzuki-df200-350-omax-00156884.html,updated,1746193J00_OM,,830.0,Высота: 39 мм,90 г
439,1746187E12_OM,049-0001870,https://vodnik.ru/krylchatka-ohlazhdeniya-suzuki-df60-70-df70a-90a-dt90-100-omax-00156882.html,updated,1746187E12_OM,,659.0,Высота: 26 мм,90 г
440,1746198503_OM,049-0001884,https://vodnik.ru/krylchatka-ohlazhdeniya-suzuki-dt2-2-df4-6-omax-00146154.html,updated,1746198503_OM,,482.0,Высота: 14 мм,90 г
441,1746196401_OM,049-0001882,https://vodnik.ru/krylchatka-ohlazhdeniya-suzuki-dt25-30-omax-00146152.html,updated,1746196401_OM,,678.0,Высота: 16 мм,90 г
442,1746196311_OM,049-0001880,https://vodnik.ru/krylchatka-ohlazhdeniya-suzuki-dt40-df25-50-df40-60a-omax-00146151.html,updated,1746196311_OM,,896.0,Высота: 16 мм,90 г
443,1746194700_OM,049-0001878,https://vodnik.ru/krylchatka-ohlazhdeniya-suzuki-dt40k-dt50a-dt55-dt65-omax-00166299.html,updated,1746194700_OM,,880.0,Высота: 19 мм,90 г
444,1746195301_OM,049-0001879,https://vodnik.ru/krylchatka-ohlazhdeniya-suzuki-dt60w-dt75-dt85-analog-00004434.html,updated,1746195301_OM,,637.0,Высота: 19 мм,90 г
445,1746193903_OM,049-0001874,https://vodnik.ru/krylchatka-ohlazhdeniya-suzuki-df8a-9-9a-15a-20a-dt9-9-a-15-a-omax-00146150.html,updated,1746193903_OM,,639.0,Высота: 22 мм,90 г
446,369650211_OM,049-0001968,https://vodnik.ru/krylchatka-ohlazhdeniya-tohatsu-m3-5-5-mfs2-6-omax-00146140.html,updated,369650211_OM,,436.0,Высота: 14 мм,90 г
447,3C8650212_OM,049-0001970,https://vodnik.ru/krylchatka-ohlazhdeniya-tohatsu-m40d-50d-md40tldi-md50tldi-omax-00152348.html,updated,3C8650212_OM,,592.0,Высота: 20 мм,90 г
448,334650210_OM,049-0001965,https://vodnik.ru/krylchatka-ohlazhdeniya-tohatsu-9-9-20-omax-00146139.html,updated,334650210_OM,,619.0,Высота: 23.5 мм,90 г
449,6E54435200_OM,049-0002037,https://vodnik.ru/krylchatka-ohlazhdeniya-yamaha-100-300-f80-250-analog-00003910.html,updated,6E54435200_OM,,1041.0,Высота: 31 мм,95 г
450,6894435202_OM,049-0002029,https://vodnik.ru/krylchatka-ohlazhdeniya-yamaha-20c-25b-30a-analog-00000321.html,updated,6894435202_OM,,468.0,Высота: 13 мм,90 г
451,6L24435200_OM,049-0002041,https://vodnik.ru/krylchatka-ohlazhdeniya-yamaha-20d-25n-s-91-g-v-analog-00005881.html,updated,6L24435200_OM,,835.0,Высота: 18.5 мм,90 г
452,6H44435202_OM,049-0002040,https://vodnik.ru/krylchatka-ohlazhdeniya-yamaha-30d-40h-50d-f20a-f25a-f30a-f40b-analog-00000325.html,updated,6H44435202_OM,,578.0,Высота: 18.5 мм,90 г
453,6E04435201_OM,049-0002036,https://vodnik.ru/krylchatka-ohlazhdeniya-yamaha-4a-5c-f4a-b-m-f5a-f6c-m-omax-00146166.html,updated,6E04435201_OM,,548.0,Высота: 12.5 мм,90 г
454,6624435201_OM,049-0002023,https://vodnik.ru/krylchatka-ohlazhdeniya-yamaha-5d-e8-analog-00000318.html,updated,6624435201_OM,,399.0,Высота: 22 мм,90 г
455,6884435203_OM,049-0002028,https://vodnik.ru/krylchatka-ohlazhdeniya-yamaha-75a-c-80a-85a-90a-analog-00000050.html,updated,6884435203_OM,,606.0,Высота: 30 мм,90 г
456,6824435201_OM,049-0002027,https://vodnik.ru/krylchatka-ohlazhdeniya-yamaha-9-9d-15d-f8a-b-9-9a-b-analog-00002693.html,updated,6824435201_OM,,559.0,Высота: 22 мм,90 г
457,63V4435200_OM,049-0002020,https://vodnik.ru/krylchatka-ohlazhdeniya-yamaha-9-9f-15f-f9-9c-f15a-f20b-omax-00146165.html,updated,63V4435200_OM,,534.0,Высота: 14 мм,90 г
458,6L54435200_OM,049-0002042,https://vodnik.ru/krylchatka-ohlazhdeniya-yamaha-f2-5-3a-omax-00157402.html,updated,6L54435200_OM,,428.0,Высота: 14.5 мм,90 г
459,67F4435201_OM,049-0002026,https://vodnik.ru/krylchatka-ohlazhdeniya-yamaha-f80a-b-f90a-b-f100a-c-d-omax-00156894.html,updated,67F4435201_OM,,842.0,Высота: 34.5 мм,90 г
460,06192ZV7000_OM,049-0003977,https://vodnik.ru/remkomplekt-pompy-honda-bf25a-30a-bf25d-30d-omax-00159140.html,updated,06192ZV7000_OM,,1478.0,,90 г
461,35822626Q05_OM,049-0005114,https://vodnik.ru/filtr-maslyanyy-mercury-25-60-75-115-omax-00192840.html,updated,35822626Q05_OM,,1108.0,,90 г
462,1651092J00_OM,049-0001866,https://vodnik.ru/filtr-maslyanyy-suzuki-df140-do-2011-g-v-omax-00146179.html,updated,1651092J00_OM,,865.0,,90 г
463,1651061A31_OM,049-0001864,https://vodnik.ru/filtr-maslyanyy-suzuki-df70a-140a-omax-00159328.html,updated,1651061A31_OM,,1021.0,,90 г
464,1651045H10_OM,049-0005159,https://vodnik.ru/filtr-maslyanyy-suzuki-df15a-20a-omax-00156738.html,updated,1651045H10_OM,,573.0,,90 г
465,6G81344000_OM,049-0002038,https://vodnik.ru/filtr-maslyanyy-yamaha-f8-9-9-omax-00159240.html,updated,6G81344000_OM,,677.0,,90 г
466,3516248_OM,049-0004681,https://vodnik.ru/filtr-toplivnyy-mercury-omax-00156739.html,updated,3516248_OM,,786.0,,90 г
467,1541096J00_OM,049-0001829,https://vodnik.ru/filtr-toplivnyy-suzuki-df150-175-omax-00156759.html,updated,1541096J00_OM,,930.0,,44 г
468,1541087J00_OM,049-0001860,https://vodnik.ru/filtr-toplivnyy-suzuki-df40t-50t-tonkoy-ochistki-omax-00156751.html,updated,1541087J00_OM,,2437.0,,33 г
469,6462425100_OM,049-0002021,https://vodnik.ru/filtr-toplivnyy-yamaha-4-300-omax-00157190.html,updated,6462425100_OM,,551.0,,90 г
470,68V245630000_OM,049-0002032,https://vodnik.ru/filtr-toplivnyy-yamaha-f40-115-vstavka-smennaya-omax-00153892.html,updated,68V245630000_OM,,841.0,,90 г
471,67F1437100_OM,049-0002025,https://vodnik.ru/filtr-toplivnyy-yamaha-f75-100-omax-00159314.html,updated,67F1437100_OM,,328.0,,90 г
472,21065,049-0005034,https://vodnik.ru/kryshka-ventilyacionnaya-dlya-tenta-00185516.html,updated,21065,,318.0,,90 г
473,20-199-03,049-0004543,https://vodnik.ru/lyuchok-palubnyy-152-mm-belyy-00176277.html,sku_mismatch_skip_price_dims,20-205-00,"Лючок палубный 152 мм, белый",,,
474,10-455-02-C01upack,049-0005062,https://vodnik.ru/zastezhka-tentovaya-povorotnaya-c-panelkoy-nerzhaveyuschaya-stal-osculati-upakovka-50-sht-00186924.html,updated,10-455-02-C01upack,,10236.0,,90 г
475,10-455-02-C03upack,049-0005063,https://vodnik.ru/shayba-tentovoy-zastezhki-nerzhaveyuschaya-stal-osculati-upakovka-100-sht-00186926.html,updated,10-455-02-C03upack,,5817.0,,90 г
476,PMP40,049-0002452,https://vodnik.ru/megafon-pyle-pmp40-00178101.html,updated,PMP40,,,Длина: 333 мм,90 г
477,1651087J00_RM,049-0005257,https://vodnik.ru/filtr-maslyanyy-suzuki-df25-70-df40a-50a-60a-recmar-11595131.html,updated,1651087J00_RM,,560.0,,90 г
478,0932004013000,049-0003185,https://vodnik.ru/podushka-rezinovaya-valik-suzuki-11409840.html,updated,0932004013000,,243.0,,90 г
479,0911706040XC0,049-0002765,https://vodnik.ru/bolt-6x15-s-groverom-suzuki-00030867.html,updated,0911706040XC0,,82.0,,90 г
480,0910008224XC0,049-0002784,https://vodnik.ru/bolt-8h35-suzuki-00044069.html,updated,0910008224XC0,,,,90 г
481,015470625A000,049-0002750,https://vodnik.ru/bolt-suzuki-00097857.html,updated,015470625A000,,,,90 г
482,015501025A000,049-0002768,https://vodnik.ru/bolt-shesterni-suzuki-11020805.html,updated,015501025A000,,93.0,,90 г
483,0914008023XC0,049-0002735,https://vodnik.ru/gayka-suzuki-00053378.html,updated,0914008023XC0,,28.0,,90 г
484,948130401000,049-0001806,https://vodnik.ru/predohranitel-30a-suzuki-df150-175-00017288.html,sku_mismatch_skip_price_dims,0948130401000,Предохранитель 30А Suzuki DF150-175,,,
485,948160401000,049-0001808,https://vodnik.ru/predohranitel-60a-suzuki-df90-250-26573.html,sku_mismatch_skip_price_dims,0948160401000,Предохранитель 60А Suzuki DF90-250,,,
486,5761191J10000,049-0003029,https://vodnik.ru/val-grebnoy-suzuki-df4-6-s-2012-g-v-11039194.html,updated,5761191J10000,,,,90 г
487,0930610001000,049-0003053,https://vodnik.ru/vtulka-suzuki-00017330.html,updated,0930610001000,,405.0,,90 г
488,0918006230000,049-0003141,https://vodnik.ru/vtulka-ruchki-drosselya-6-2x12x12-5-suzuki-00083565.html,updated,0918006230000,,110.0,,90 г
489,083313112A000,049-0002902,https://vodnik.ru/kolco-stopornoe-grebnogo-vala-suzuki-df2-5-00036855.html,updated,083313112A000,,,,90 г
490,1746194L00000,049-0003615,https://vodnik.ru/krylchatka-ohlazhdeniya-suzuki-df25a-30a-dt30-c-2014g-v-11040435.html,updated,1746194L00000,,1780.0,Высота: 14 мм,90 г
491,17461985M0000,049-0003609,https://vodnik.ru/krylchatka-ohlazhdeniya-suzuki-dt2-2-df4-6-11010786.html,updated,17461985M0000,,1765.0,Высота: 14 мм,90 г
492,1913195502000,049-0003630,https://vodnik.ru/perehodnik-tyagi-drosselya-suzuki-dt9-9-225-df9-9-140-00030696.html,updated,1913195502000,,,,90 г
493,1121785FA0000,049-0003294,https://vodnik.ru/prokladka-zaglushki-bloka-suzuki-m26-11030024.html,updated,1121785FA0000,,44.0,,90 г
494,5613291J00000,049-0003602,https://vodnik.ru/prokladka-pod-osnovanie-pompy-suzuki-df4-6-26648.html,updated,5613291J00000,,94.0,,90 г
495,1747291J00000,049-0003336,https://vodnik.ru/prokladka-pompy-suzuki-df4-6-28490.html,updated,1747291J00000,,57.0,,90 г
496,5944199J00000,049-0003332,https://vodnik.ru/pruzhina-reduktora-suzuki-dt9-9-15-a-df8a-20a-11040998.html,updated,5944199J00000,,24.0,,90 г
497,0928213L01000,049-0003591,https://vodnik.ru/salnik-12-5x25x7-suzuki-11046093.html,updated,0928213L01000,,,Высота: 7 мм,90 г
498,1913196300000,049-0003303,https://vodnik.ru/soedinenie-tyagi-drosselya-suzuki-dt25-30-00104159.html,updated,1913196300000,,683.0,,90 г
499,0920208006000,049-0003044,https://vodnik.ru/stopor-00049185.html,updated,0920208006000,,417.0,,90 г
500,2511199E20000,049-0003470,https://vodnik.ru/tyaga-pereklyucheniya-skorosti-suzuki-df60-70-l-00052144.html,updated,2511199E20000,,,,90 г
501,1564288L10000,049-0003649,https://vodnik.ru/filtr-toplivnogo-separatora-suzuki-df40a-140a-df300b-350a-00105741.html,updated,1564288L10000,,2038.0,,90 г
